"chmc_id","chmc_name","chmc_poison","storage_mode","chmc_deal","chmc_boiling","chmc_alias","chmc_note"
"1","硫酸","有毒","储存于阴凉、通风的库房。库温不超过35℃，相对湿度不超过85%。保持容器密封。","硫酸与皮肤接触需要用大量水冲洗，再涂上3%～5%碳酸氢钠溶液冲，迅速就医。溅入眼睛后应立即提起眼睑，用大量流动清水或生理盐水彻底冲洗至少15分钟。迅速就医。吸入蒸气后应迅速脱离现场至空气新鲜处。保持呼吸道通畅。如呼吸困难，给输氧。如呼吸停止，立即进行人工呼吸。迅速就医。误服后应用水漱口，给饮牛奶或蛋清，迅速就医。","337","胆矾",
"2","甲烷","无毒","储存于阴凉、通风的库房。远离火种、热源。库温不宜超过30℃。应与氧化剂等分开存放，切忌混储。","皮肤接触或眼睛接触：皮肤或眼睛接触液态甲烷会冻伤，应及时就医。
吸入：迅速脱离现场至空气新鲜处。保持呼吸道通畅。如呼吸困难，给输氧。如呼吸停止，立即进行人工呼吸。就医。
灭火方法：切断气源。若不能立即切断气源，则不允许熄灭正在燃烧的气体。喷水冷却容器，可能的话将容器从火场移至空旷处。
灭火剂：雾状水、泡沫、二氧化碳、干粉。
泄露：迅速撤离泄漏污染区人员至上风处，并进行隔离，严格限制出入。切断火源。建议应急处理人员戴自给正压式呼吸器，穿消防防护服。尽可能切断泄漏源。合理通风，加速扩散。喷雾状水稀释、溶解。构筑围堤或挖坑收容产生的大量废水。如有可能，将漏出气用排风机送至空旷地方或装设适当喷头烧掉。也可以将漏气的容器移至空旷处，注意通风。漏气容器要妥善处理，修复、检验后再用。","-161.5","CH4",
"3","亚硝酸钠","有毒","密封保存","隔离泄漏污染区，限制出入。建议应急处理人员戴自给式呼吸器，穿一般作业工作服。勿使泄漏物与还原剂、有机物、易燃物或金属粉末接触。不要直接接触泄漏物。
小量泄漏：用洁净的铲子收集于干燥、洁净、有盖的容器中。
大量泄漏：收集回收或运至废物处理场所处置。","320","NaNO2",
"4","甲醇","有毒","储存于阴凉、通风良好的专用库房内，远离火种、热源。库温不宜超过37℃，保持容器密封。","皮肤接触：脱去污染的衣着，用肥皂水和清水彻底冲洗皮肤。
眼睛接触：提起眼睑，用流动清水或生理盐水冲洗，就医。
吸入：迅速脱离现场至空气新鲜处。保持呼吸道通畅。如呼吸困难，给输氧。如呼吸停止，立即进行人工呼吸，就医。
食入：饮足量温水，催吐或用清水或 1%硫代硫酸钠溶液洗胃，就医。
甲醇中毒，通常可以用乙醇解毒法。其原理是，甲醇的代谢产物毒性较大，因此可以通过抑制代谢的方法来解毒。甲醇和乙醇在人体的代谢都是同一种酶，而这种酶和乙醇更具亲和力。因此，甲醇中毒者，可以通过饮用烈性酒（酒精度通常在60度以上）的方式来缓解甲醇代谢，进而使之排出体外。而甲醇已经代谢产生的甲酸，可以通过服用小苏打（碳酸氢钠）的方式来中和。","64.8","羟基甲烷",
"5","乙醇","无毒","存储于阴凉、通风的库房。远离火种、热源。库温不宜超过30℃。保持容器密封。","泄漏：迅速撤离泄漏污染区人员至安全区，并进行隔离，严格限制出入。切断火源。建议应急处理人员戴自给正压式呼吸器，穿消防防护服。尽可能切断泄漏源，防止进入下水道、排洪沟等限制性空间。
小量泄漏：用砂土或其它不燃材料吸附或吸收。也可用大量水冲洗，洗水稀释后放入废水系统。
大量泄漏：构筑围堤或挖坑收容；用泡沫覆盖，降低蒸气灾害。用防爆泵转移至槽车或专用收集器内，回收或运至废物处理场所处置。
灭火方法：抗溶性泡沫、干粉、二氧化碳、水雾","78.3","酒精",
