"comp_id","comp_name","zone_id","employee_amount","comp_industry","comp_turnover","comp_address","register_date","comp_principal","comp_note"
"1","京博石化有限公司","1","2000","化工","800000","京博县xxxxxx","1956","一一",
"2","远帆能源有限公司","2","1000","能源","800000","南京市xxxxxx","1988","三三",
"3","环宇科技有限公司","5","600","化工","800000","苏州市xxxxxx","1970","丝丝",
"4","元宇宙化工公司","3","2000","化工","800000","上海市xxxxxx","2022","五五",
"5","中国石油公司","4","100000","能源","800000","北京市xxxxxx","1956","六六",
