"zone_id","zone_name","zone_est_date","zone_phone","zone_address","comp_amount","zone_principal","zone_turnover","zone_note"
"1","上海化工园区","2020","18602568892","上海恒江大道100号","2000","毛毛","12000",
"2","北京化工园区","2001","18602568892","北京南京西路20号","1890","球球","20000",
"3","石家庄化工园区","2010","18602568892","石家庄经济开发区200号","268","淡淡","28000",
"4","济南化工园区","2007","18602568892","济南白云路16号","759","静静","36000",
"5","苏州化工园区","2000","18602568892","苏州金鸡湖80号","368","星星","44000",
